{
  "center": [
    11.186995500663151,
    47.05405010834693
  ],
  "bounds": [
    [
      10.841756337367856,
      46.80154835092655
    ],
    [
      11.532234663958448,
      47.3065518657673
    ]
  ]
}