{
  "center": [
    11.187028512131647,
    47.05403561822858
  ],
  "bounds": [
    [
      10.844392940892128,
      46.80333003254807
    ],
    [
      11.529664083371168,
      47.3047412039091
    ]
  ]
}